UTC,Callsign,Latitude,Longitude,Altitude,Speed,Direction
2024-11-01T10:30:35,QFA25,-33.938663,151.169449,0,0,253
2024-11-01T10:31:01,QFA25,-33.938622,151.169662,0,2,247
2024-11-01T10:31:17,QFA25,-33.938553,151.169876,0,2,241
2024-11-01T10:31:37,QFA25,-33.938385,151.17009,0,3,264
2024-11-01T10:31:55,QFA25,-33.938282,151.170303,0,3,295
2024-11-01T10:32:12,QFA25,-33.938282,151.170547,0,3,326
2024-11-01T10:37:18,QFA25,-33.938038,151.170578,0,3,348
2024-11-01T10:37:30,QFA25,-33.937809,151.170517,0,5,348
2024-11-01T10:37:39,QFA25,-33.937584,151.170456,0,5,348
2024-11-01T10:37:49,QFA25,-33.937336,151.170486,0,6,2
2024-11-01T10:37:58,QFA25,-33.937164,151.170731,0,6,36
2024-11-01T10:38:06,QFA25,-33.937099,151.170944,0,6,56
2024-11-01T10:38:14,QFA25,-33.936996,151.171234,0,8,61
2024-11-01T10:38:20,QFA25,-33.93679,151.171402,0,10,42
2024-11-01T10:38:25,QFA25,-33.936562,151.171432,0,10,16
2024-11-01T10:38:30,QFA25,-33.936337,151.171371,0,11,5
2024-11-01T10:38:35,QFA25,-33.936092,151.171295,0,11,348
2024-11-01T10:38:39,QFA25,-33.935863,151.171234,0,12,348
2024-11-01T10:38:44,QFA25,-33.935589,151.171158,0,13,348
2024-11-01T10:38:49,QFA25,-33.935314,151.171097,0,13,348
2024-11-01T10:38:53,QFA25,-33.935062,151.171036,0,13,348
2024-11-01T10:38:58,QFA25,-33.934799,151.170959,0,12,345
2024-11-01T10:39:07,QFA25,-33.934307,151.170822,0,12,348
2024-11-01T10:39:16,QFA25,-33.933834,151.1707,0,13,348
2024-11-01T10:39:23,QFA25,-33.933498,151.170609,0,11,343
2024-11-01T10:39:27,QFA25,-33.933289,151.170471,0,10,334
2024-11-01T10:39:32,QFA25,-33.933067,151.170258,0,10,326
2024-11-01T10:39:39,QFA25,-33.932869,151.169983,0,10,315
2024-11-01T10:39:44,QFA25,-33.932705,151.169739,0,10,309
2024-11-01T10:39:50,QFA25,-33.932449,151.16954,0,12,326
2024-11-01T10:39:55,QFA25,-33.932182,151.169495,0,13,343
2024-11-01T10:40:00,QFA25,-33.931881,151.169449,0,14,348
2024-11-01T10:40:03,QFA25,-33.93166,151.169388,0,13,348
2024-11-01T10:40:09,QFA25,-33.931355,151.169296,0,13,348
2024-11-01T10:40:14,QFA25,-33.931065,151.169235,0,12,345
2024-11-01T10:40:17,QFA25,,151.169174,0,11,348
2024-11-01T10:40:28,QFA25,-33.930412,151.169067,0,10,348
2024-11-01T10:40:34,QFA25,,151.169098,0,0,2
2024-11-01T10:40:41,QFA25,,151.169418,0,12,42
2024-11-01T10:40:45,QFA25,-33.929798,151.169662,0,12,59
2024-11-01T10:40:50,QFA25,-33.929741,151.169952,0,12,70
2024-11-01T10:40:54,QFA25,-33.92968,151.170303,0,13,75
2024-11-01T10:41:00,QFA25,-33.929611,151.1707,0,13,78
2024-11-01T10:41:04,QFA25,-33.929581,151.170944,0,13,81
2024-11-01T10:41:07,QFA25,-33.929592,151.171158,0,14,87
2024-11-01T10:41:09,QFA25,-33.929649,151.171371,0,14,101
2024-11-01T10:41:14,QFA25,-33.929867,151.171646,0,14,129
2024-11-01T10:41:18,QFA25,-33.930141,151.171768,0,14,151
2024-11-01T10:41:26,QFA25,-33.930668,151.171906,0,0,165
2024-11-01T10:41:30,QFA25,-33.931473,151.172119,0,43,165
2024-11-01T10:41:31,QFA25,-33.931835,151.172226,0,51,168
2024-11-01T10:41:34,QFA25,-33.93251,151.172394,0,64,168
2024-11-01T10:41:35,QFA25,-33.932819,151.17247,0,68,168
2024-11-01T10:41:36,QFA25,-33.933147,151.172562,0,72,165
2024-11-01T10:41:39,QFA25,-33.934044,151.172791,0,80,168
2024-11-01T10:41:40,QFA25,-33.934418,151.172897,0,84,168
2024-11-01T10:41:43,QFA25,-33.935898,151.173279,0,96,167
2024-11-01T10:41:49,QFA25,-33.938736,151.174011,0,117,167
2024-11-01T10:41:58,QFA25,-33.94455,151.175522,0,145,167
2024-11-01T10:42:08,QFA25,-33.951805,151.177307,0,171,168
2024-11-01T10:42:16,QFA25,-33.957203,151.178741,300,162,167
2024-11-01T10:42:24,QFA25,-33.963627,151.18045,675,157,167
2024-11-01T10:42:28,QFA25,-33.966934,151.18103,875,157,173
2024-11-01T10:42:32,QFA25,-33.969635,151.181122,1050,159,181
2024-11-01T10:42:36,QFA25,-33.972519,151.181015,1175,163,183
2024-11-01T10:42:40,QFA25,-33.975357,151.180847,1225,165,182
2024-11-01T10:42:44,QFA25,-33.978012,151.180725,1250,168,182
2024-11-01T10:42:48,QFA25,-33.981857,151.180511,1300,172,182
2024-11-01T10:42:52,QFA25,-33.984879,151.180344,1350,175,182
2024-11-01T10:42:54,QFA25,-33.987278,151.180176,1375,178,182
2024-11-01T10:42:57,QFA25,-33.989231,151.180054,1400,180,183
2024-11-01T10:43:03,QFA25,-33.994492,151.179718,1450,187,183
2024-11-01T10:43:10,QFA25,-34.000305,151.179214,1500,194,184
2024-11-01T10:43:18,QFA25,-34.008133,151.178482,1550,208,184
2024-11-01T10:43:26,QFA25,-34.016232,151.177658,1650,216,185
2024-11-01T10:43:34,QFA25,-34.024429,151.176971,1750,228,181
2024-11-01T10:43:38,QFA25,-34.027779,151.177078,1800,231,177
2024-11-01T10:43:42,QFA25,-34.032578,151.177765,1850,236,171
2024-11-01T10:43:46,QFA25,-34.036835,151.178772,1950,240,168
2024-11-01T10:43:50,QFA25,-34.041183,151.179779,2075,242,168
2024-11-01T10:43:54,QFA25,-34.046211,151.180969,2250,242,168
2024-11-01T10:43:58,QFA25,-34.050167,151.181946,2400,243,168
2024-11-01T10:44:02,QFA25,-34.054459,151.18309,2550,244,167
2024-11-01T10:44:05,QFA25,-34.058407,151.184174,2675,246,166
2024-11-01T10:44:09,QFA25,-34.062271,151.185318,2800,247,166
2024-11-01T10:44:17,QFA25,-34.070511,151.187836,3025,253,165
2024-11-01T10:44:24,QFA25,-34.080139,151.190933,3250,259,164
2024-11-01T10:44:28,QFA25,-34.08371,151.192169,3350,260,163
2024-11-01T10:44:36,QFA25,-34.093277,151.195587,3650,263,163
2024-11-01T10:44:47,QFA25,-34.107101,151.200653,4150,265,163
2024-11-01T10:44:57,QFA25,-34.117485,151.204437,4550,265,163
2024-11-01T10:45:16,QFA25,-34.140854,151.212677,5325,269,165
2024-11-01T10:45:25,QFA25,-34.152557,151.21402,5625,273,182
2024-11-01T10:45:30,QFA25,-34.159008,151.212952,5800,274,191
2024-11-01T10:45:49,QFA25,-34.179165,151.198654,6650,271,227
2024-11-01T10:45:57,QFA25,-34.184738,151.188965,7000,270,241
2024-11-01T10:46:00,QFA25,-34.186569,151.184204,7125,270,246
2024-11-01T10:46:05,QFA25,-34.188126,151.178314,7300,270,254
2024-11-01T10:46:11,QFA25,-34.189087,151.171768,7475,272,263
2024-11-01T10:46:14,QFA25,-34.18927,151.165604,7600,272,271
2024-11-01T10:46:17,QFA25,-34.188988,151.161285,7725,271,276
2024-11-01T10:46:20,QFA25,-34.188034,151.155457,7925,272,280
2024-11-01T10:46:22,QFA25,-34.187218,151.152191,8025,270,288
2024-11-01T10:46:26,QFA25,-34.185196,151.146423,8250,270,295
2024-11-01T10:46:32,QFA25,-34.181488,151.138977,8525,268,303
2024-11-01T10:46:35,QFA25,-34.179611,151.135773,8650,268,305
2024-11-01T10:46:38,QFA25,-34.177162,151.132111,8750,270,310
2024-11-01T10:46:41,QFA25,-34.174603,151.128784,8850,272,314
2024-11-01T10:46:44,QFA25,-34.171719,151.12558,8925,275,319
2024-11-01T10:46:47,QFA25,-34.168304,151.122437,9025,277,323
2024-11-01T10:46:50,QFA25,-34.165283,151.120026,9125,280,326
2024-11-01T10:46:53,QFA25,-34.161896,151.11763,9225,280,329
2024-11-01T10:46:55,QFA25,-34.15947,151.115997,9300,280,331
2024-11-01T10:47:00,QFA25,-34.154491,151.112762,9475,280,331
2024-11-01T10:47:03,QFA25,-34.150635,151.110275,9600,281,331
2024-11-01T10:47:09,QFA25,-34.144623,151.106354,9775,282,331
2024-11-01T10:47:12,QFA25,-34.140667,151.103836,9900,282,331
2024-11-01T10:47:14,QFA25,-34.137314,151.101669,10000,283,331
2024-11-01T10:47:30,QFA25,-34.11916,151.090164,10325,295,332
2024-11-01T10:47:45,QFA25,-34.100052,151.078384,10525,312,332
2024-11-01T10:48:00,QFA25,-34.080322,151.064987,10750,326,327
2024-11-01T10:48:15,QFA25,-34.061234,151.049911,11125,333,327
2024-11-01T10:48:31,QFA25,-34.040863,151.03421,11850,330,327
2024-11-01T10:48:43,QFA25,-34.025402,151.022415,12450,328,327
2024-11-01T10:49:16,QFA25,-33.981308,150.9888,12975,355,327
2024-11-01T10:49:47,QFA25,-33.936493,150.954666,13425,381,327
2024-11-01T10:50:21,QFA25,-33.884811,150.915268,14450,390,327
2024-11-01T10:50:53,QFA25,-33.836166,150.878326,15525,393,327
2024-11-01T10:51:25,QFA25,-33.786392,150.840546,16500,400,327
2024-11-01T10:51:58,QFA25,-33.733429,150.800461,17475,408,327
2024-11-01T10:52:29,QFA25,-33.684174,150.763153,18375,411,327
2024-11-01T10:53:03,QFA25,-33.629337,150.721725,19375,416,327
2024-11-01T10:53:37,QFA25,-33.573349,150.679459,20025,428,327
2024-11-01T10:54:09,QFA25,-33.519196,150.638702,21000,427,327
2024-11-01T10:54:35,QFA25,-33.473759,150.609558,21800,434,340
2024-11-01T10:54:38,QFA25,-33.4678,150.607254,21900,436,342
2024-11-01T10:54:41,QFA25,-33.462166,150.605301,21975,437,344
2024-11-01T10:54:47,QFA25,-33.449413,150.601425,22175,438,346
2024-11-01T10:54:50,QFA25,-33.44339,150.599655,22250,438,346
2024-11-01T10:54:57,QFA25,-33.43121,150.596161,22400,439,346
2024-11-01T10:55:30,QFA25,-33.365711,150.576874,23150,443,345
2024-11-01T10:56:04,QFA25,,150.55571,23900,447,345
2024-11-01T10:56:34,QFA25,-33.236023,150.536316,24575,450,345
2024-11-01T10:57:07,QFA25,-33.169586,150.515717,25225,454,345
2024-11-01T10:57:41,QFA25,-33.100067,150.494232,25800,460,345
2024-11-01T10:58:14,QFA25,-33.031677,150.473083,26425,463,345
2024-11-01T10:58:46,QFA25,-32.965034,150.452545,27275,458,345
2024-11-01T10:59:19,QFA25,-32.897186,150.43161,27675,464,345
2024-11-01T10:59:51,QFA25,-32.829803,150.410843,28100,470,345
2024-11-01T11:00:22,QFA25,-32.763931,150.39061,28575,472,345
2024-11-01T11:00:56,QFA25,-32.694569,150.36937,29125,471,345
2024-11-01T11:01:26,QFA25,-32.62851,150.349182,29775,468,345
2024-11-01T11:02:01,QFA25,-32.554733,150.326645,30425,466,345
2024-11-01T11:02:35,QFA25,-32.484104,150.305069,30950,466,345
2024-11-01T11:03:06,QFA25,-32.420097,150.285507,31425,466,345
2024-11-01T11:03:37,QFA25,-32.354233,150.265503,31925,464,345
2024-11-01T11:04:08,QFA25,-32.290558,150.24617,32000,467,345
2024-11-01T11:04:39,QFA25,-32.225006,150.226227,32000,470,345
2024-11-01T11:05:12,QFA25,-32.156284,150.205414,32000,470,345
2024-11-01T11:05:42,QFA25,-32.092804,150.186234,32000,467,345
2024-11-01T11:06:16,QFA25,-32.020958,150.16449,32000,467,345
2024-11-01T11:06:48,QFA25,-31.953323,150.144104,32000,469,345
2024-11-01T11:07:21,QFA25,-31.885529,150.123672,32000,469,345
2024-11-01T11:07:52,QFA25,-31.818604,150.103622,32000,468,345
2024-11-01T11:08:24,QFA25,-31.752319,150.08374,32000,465,345
2024-11-01T11:08:58,QFA25,-31.682428,150.062744,32000,463,345
2024-11-01T11:09:34,QFA25,-31.606829,150.040176,32250,464,345
2024-11-01T11:10:09,QFA25,-31.533276,150.018204,32625,465,345
2024-11-01T11:10:41,QFA25,-31.467957,149.99881,33050,463,345
2024-11-01T11:11:12,QFA25,-31.402405,149.979263,33425,462,345
2024-11-01T11:11:43,QFA25,-31.337906,149.960098,33850,458,345
2024-11-01T11:12:16,QFA25,-31.27002,149.93985,34000,456,345
2024-11-01T11:12:48,QFA25,-31.204571,149.920425,34000,454,345
2024-11-01T11:13:21,QFA25,-31.138138,149.900742,34000,455,345
2024-11-01T11:13:57,QFA25,-31.06468,149.878998,34000,453,345
2024-11-01T11:14:33,QFA25,-30.991501,149.857422,34000,455,345
2024-11-01T11:15:04,QFA25,-30.927864,149.838684,34000,456,345
2024-11-01T11:15:36,QFA25,-30.861807,149.819244,34000,458,345
2024-11-01T11:16:08,QFA25,-30.795515,149.799744,34000,459,345
2024-11-01T11:16:42,QFA25,-30.726562,149.779465,34000,459,345
2024-11-01T11:17:21,QFA25,-30.645676,149.755829,34000,460,345
2024-11-01T11:17:53,QFA25,-30.579849,149.736603,34000,462,345
2024-11-01T11:18:29,QFA25,-30.504959,149.714737,34000,462,345
2024-11-01T11:19:02,QFA25,-30.436295,149.694748,34000,464,345
2024-11-01T11:19:35,QFA25,-30.368305,149.674881,34000,463,345
2024-11-01T11:20:09,QFA25,-30.296768,149.654037,34000,462,345
2024-11-01T11:20:49,QFA25,-30.214451,149.630157,34000,460,345
2024-11-01T11:21:23,QFA25,-30.143509,149.609558,34000,458,345
2024-11-01T11:22:01,QFA25,-30.065872,149.587097,34000,456,345
2024-11-01T11:22:33,QFA25,-30.00017,149.568146,34000,455,345
2024-11-01T11:23:13,QFA25,-29.918701,149.544556,34000,457,345
2024-11-01T11:23:44,QFA25,-29.853485,149.525757,34000,458,345
2024-11-01T11:24:15,QFA25,-29.790436,149.507599,34000,456,346
2024-11-01T11:24:46,QFA25,-29.726955,149.489517,34000,455,345
2024-11-01T11:25:21,QFA25,-29.655218,149.468933,34000,453,345
2024-11-01T11:25:58,QFA25,-29.579292,149.447083,34000,452,345
2024-11-01T11:26:36,QFA25,-29.502947,149.425156,34000,455,345
2024-11-01T11:27:12,QFA25,-29.427858,149.403778,34000,454,345
2024-11-01T11:27:44,QFA25,-29.362452,149.385086,34000,454,345
2024-11-01T11:28:15,QFA25,-29.298935,149.367111,34000,454,346
2024-11-01T11:28:51,QFA25,-29.226053,149.34642,34000,454,345
2024-11-01T11:29:27,QFA25,-29.151855,149.325333,34000,453,345
2024-11-01T11:30:04,QFA25,-29.077057,149.303986,34000,453,345
2024-11-01T11:30:39,QFA25,-29.004837,149.283524,34000,454,345
2024-11-01T11:31:12,QFA25,-28.938641,149.264725,34000,454,346
2024-11-01T11:31:49,QFA25,-28.862806,149.243347,34000,452,346
2024-11-01T11:32:21,QFA25,-28.797363,149.224915,34000,452,346
2024-11-01T11:33:04,QFA25,-28.711029,149.200668,34000,452,346
2024-11-01T11:33:37,QFA25,-28.643463,149.181717,34000,453,346
2024-11-01T11:34:07,QFA25,-28.579721,149.163803,34000,450,346
2024-11-01T11:34:42,QFA25,-28.511105,149.144577,34000,442,346
2024-11-01T11:35:16,QFA25,-28.441927,149.125183,34000,442,345
2024-11-01T11:35:53,QFA25,-28.37178,149.105545,34000,442,346
2024-11-01T11:36:25,QFA25,-28.309616,149.088165,34000,444,346
2024-11-01T11:36:57,QFA25,-28.242737,149.069473,34000,444,346
2024-11-01T11:37:31,QFA25,-28.174299,149.050385,34000,444,346
2024-11-01T11:38:02,QFA25,-28.112595,149.033188,34000,444,346
2024-11-01T11:38:34,QFA25,-28.049026,149.015594,34000,448,346
2024-11-01T11:39:04,QFA25,-27.988861,148.998856,34000,448,346
2024-11-01T11:39:39,QFA25,-27.918182,148.979324,34000,448,346
2024-11-01T11:40:03,QFA25,-27.868515,148.969742,34000,454,357
2024-11-01T11:40:10,QFA25,-27.854485,148.96965,34000,458,1
2024-11-01T11:40:13,QFA25,-27.847874,148.96991,34000,458,2
2024-11-01T11:40:16,QFA25,-27.84173,148.970169,34000,458,2
2024-11-01T11:40:18,QFA25,-27.835922,148.970459,34000,458,2
2024-11-01T11:40:20,QFA25,-27.831665,148.970612,34000,458,2
2024-11-01T11:40:53,QFA25,-27.762634,148.972794,34000,457,1
2024-11-01T11:41:25,QFA25,-27.695137,148.974655,34000,458,1
2024-11-01T11:41:58,QFA25,-27.625401,148.976669,34000,460,1
2024-11-01T11:42:31,QFA25,-27.554596,148.978882,34000,460,1
2024-11-01T11:43:03,QFA25,-27.485184,148.981094,34000,460,1
2024-11-01T11:43:36,QFA25,-27.416565,148.983215,34000,460,1
2024-11-01T11:44:08,QFA25,-27.347158,148.985336,34000,460,1
2024-11-01T11:44:40,QFA25,-27.278641,148.987564,34000,460,1
2024-11-01T11:45:11,QFA25,,148.989563,34000,459,1
2024-11-01T11:45:44,QFA25,,148.991714,34000,459,1
2024-11-01T11:46:17,QFA25,-27.073929,148.99379,34000,458,1
2024-11-01T11:46:51,QFA25,-27.00174,148.996017,34000,457,1
2024-11-01T11:47:22,QFA25,-26.934723,148.998138,34000,455,1
2024-11-01T11:47:53,QFA25,-26.870604,148.999969,34000,454,1
2024-11-01T11:48:24,QFA25,-26.804127,149.001968,34000,452,1
2024-11-01T11:48:56,QFA25,-26.738022,149.003998,34025,453,1
2024-11-01T11:49:29,QFA25,-26.670523,149.006348,34800,441,1
2024-11-01T11:50:04,QFA25,-26.59897,149.008408,35225,436,1
2024-11-01T11:50:38,QFA25,-26.530771,149.010635,35950,424,1
2024-11-01T11:51:09,QFA25,-26.470093,149.012436,36000,418,1
2024-11-01T11:51:40,QFA25,-26.410295,149.014008,36000,421,1
2024-11-01T11:52:12,QFA25,-26.348557,149.015808,36000,424,1
2024-11-01T11:52:45,QFA25,-26.283279,149.017776,36000,424,1
2024-11-01T11:53:16,QFA25,-26.221525,149.019608,36000,425,1
2024-11-01T11:53:52,QFA25,-26.151352,,36000,426,1
2024-11-01T11:54:27,QFA25,-26.082047,,36000,426,1
2024-11-01T11:54:58,QFA25,-26.019928,149.025757,36000,426,1
2024-11-01T11:55:29,QFA25,-25.958679,149.027573,36000,425,1
2024-11-01T11:56:04,QFA25,-25.891518,149.029587,36000,424,1
2024-11-01T11:56:40,QFA25,-25.820297,149.031723,36000,423,1
2024-11-01T11:57:10,QFA25,-25.760147,149.033539,36000,423,1
2024-11-01T11:57:41,QFA25,-25.699348,149.035339,36000,423,1
2024-11-01T11:58:17,QFA25,-25.62973,149.03743,36000,422,1
2024-11-01T11:58:54,QFA25,-25.557312,149.039566,36000,420,1
2024-11-01T11:59:32,QFA25,-25.483154,149.041794,36000,418,1
2024-11-01T12:00:09,QFA25,-25.411423,149.0439,36000,415,1
2024-11-01T12:00:44,QFA25,-25.345963,149.045822,36000,412,1
2024-11-01T12:01:16,QFA25,-25.283661,149.047592,36000,413,1
2024-11-01T12:02:00,QFA25,-25.200348,149.050034,36000,414,1
2024-11-01T12:02:33,QFA25,-25.135927,149.051926,36000,414,1
2024-11-01T12:03:06,QFA25,-25.072861,149.053757,36000,416,1
2024-11-01T12:03:37,QFA25,-25.01289,149.055511,36000,417,1
2024-11-01T12:04:09,QFA25,-24.950775,149.057312,36000,419,1
2024-11-01T12:04:40,QFA25,-24.890488,149.059097,36000,420,1
2024-11-01T12:05:11,QFA25,-24.829742,149.060822,36000,423,1
2024-11-01T12:05:42,QFA25,-24.769468,149.062607,36000,426,1
2024-11-01T12:06:14,QFA25,-24.706558,149.064438,36000,426,1
2024-11-01T12:06:48,QFA25,-24.639084,149.066467,35975,426,1
2024-11-01T12:07:23,QFA25,-24.570328,149.068497,36000,427,1
2024-11-01T12:08:02,QFA25,-24.491409,149.07074,36000,428,1
2024-11-01T12:08:40,QFA25,-24.416336,149.072922,36000,428,1
2024-11-01T12:09:11,QFA25,-24.355453,149.074707,36000,427,1
2024-11-01T12:09:42,QFA25,-24.293285,149.076538,36000,428,1
2024-11-01T12:10:14,QFA25,-24.231171,149.078369,36000,429,1
2024-11-01T12:10:51,QFA25,-24.157539,149.080475,36000,429,1
2024-11-01T12:11:22,QFA25,-24.095398,149.082291,36000,429,1
2024-11-01T12:11:55,QFA25,-24.028839,149.084167,36000,430,1
2024-11-01T12:12:26,QFA25,-23.967793,149.085922,36000,431,1
2024-11-01T12:12:58,QFA25,-23.902618,149.087891,36000,431,1
2024-11-01T12:13:29,QFA25,-23.841934,149.089615,36000,432,1
2024-11-01T12:14:01,QFA25,-23.7773,149.09137,36000,433,1
2024-11-01T12:14:36,QFA25,-23.706345,149.09343,36000,435,1
2024-11-01T12:15:16,QFA25,-23.626703,149.095764,36000,436,1
2024-11-01T12:15:48,QFA25,-23.56073,149.097702,36000,436,1
2024-11-01T12:16:28,QFA25,-23.481182,149.099991,36000,436,1
2024-11-01T12:17:05,QFA25,-23.406094,149.102127,36000,435,1
2024-11-01T12:17:42,QFA25,-23.330631,149.104202,36000,435,1
2024-11-01T12:18:16,QFA25,-23.263271,149.10614,36000,435,1
2024-11-01T12:18:47,QFA25,-23.199326,149.107986,36000,434,1
2024-11-01T12:19:21,QFA25,-23.131807,149.109955,36000,434,1
2024-11-01T12:19:52,QFA25,-23.070236,149.111694,36000,432,1
2024-11-01T12:20:33,QFA25,-22.986982,149.11412,36000,429,1
2024-11-01T12:21:04,QFA25,-22.925491,149.115829,36000,428,1
2024-11-01T12:21:46,QFA25,-22.842438,149.118195,36000,426,1
2024-11-01T12:22:22,QFA25,-22.772369,149.117035,36000,419,357
2024-11-01T12:22:54,QFA25,-22.709702,149.113937,36000,418,357
2024-11-01T12:23:29,QFA25,-22.642729,149.110825,36000,418,357
2024-11-01T12:24:01,QFA25,-22.579651,149.107849,36000,418,357
2024-11-01T12:24:34,QFA25,-22.516014,149.104813,36000,418,357
2024-11-01T12:25:26,QFA25,-22.415085,149.100006,36000,419,357
2024-11-01T12:25:57,QFA25,-22.354523,149.097107,36000,421,357
2024-11-01T12:26:29,QFA25,-22.292517,149.094193,36000,422,357
2024-11-01T12:27:00,QFA25,-22.231201,149.091309,36000,424,357
2024-11-01T12:27:32,QFA25,-22.169632,149.08847,36000,423,357
2024-11-01T12:28:06,QFA25,-22.103142,149.085342,36000,422,357
2024-11-01T12:28:38,QFA25,-22.040955,149.082382,36000,423,357
2024-11-01T12:29:15,QFA25,-21.967163,149.078873,36000,423,357
2024-11-01T12:29:46,QFA25,-21.906551,149.07608,36000,423,357
2024-11-01T12:30:17,QFA25,-21.846453,149.073227,36000,424,357
2024-11-01T12:30:51,QFA25,-21.77916,149.070084,36000,426,357
2024-11-01T12:31:29,QFA25,-21.703352,149.066574,36000,427,357
2024-11-01T12:32:01,QFA25,-21.6399,149.062042,36000,425,355
2024-11-01T12:32:40,QFA25,-21.564579,149.055069,36000,425,355
2024-11-01T12:33:15,QFA25,-21.494705,149.049118,36000,426,355
2024-11-01T12:33:51,QFA25,-21.424364,149.04332,36000,427,355
2024-11-01T12:34:28,QFA25,-21.351789,149.03743,36000,428,355
2024-11-01T12:35:02,QFA25,-21.28331,149.03183,36000,428,355
2024-11-01T12:35:34,QFA25,-21.220459,149.026688,36000,428,355
2024-11-01T12:36:08,QFA25,-21.153717,149.021194,36000,428,355
2024-11-01T12:36:40,QFA25,-21.090134,149.016006,36000,428,355
2024-11-01T12:37:18,QFA25,-21.013412,149.00972,36000,428,355
2024-11-01T12:37:55,QFA25,-20.940353,149.003738,36000,430,355
2024-11-01T12:38:28,QFA25,-20.875311,148.998428,36000,431,356
2024-11-01T12:39:01,QFA25,-20.809616,148.993103,36000,431,355
2024-11-01T12:39:41,QFA25,-20.730331,148.986633,36000,431,355
2024-11-01T12:40:14,QFA25,-20.665096,148.981354,36000,431,355
2024-11-01T12:40:51,QFA25,-20.590942,148.975342,36000,430,355
2024-11-01T12:41:22,QFA25,-20.528137,148.970245,36000,429,355
2024-11-01T12:41:59,QFA25,-20.454542,148.964279,36000,428,355
2024-11-01T12:42:38,QFA25,-20.378475,148.95813,36000,428,355
2024-11-01T12:43:10,QFA25,-20.314093,148.952682,36000,425,354
2024-11-01T12:43:41,QFA25,-20.254166,148.945923,36000,424,353
2024-11-01T12:44:13,QFA25,-20.192184,148.938751,36000,424,353
2024-11-01T12:44:45,QFA25,-20.128418,148.931747,36000,426,354
2024-11-01T12:45:18,QFA25,-20.064468,148.924835,36000,427,354
2024-11-01T12:45:53,QFA25,-19.993954,,36000,428,354
2024-11-01T12:46:26,QFA25,-19.930037,148.910339,36000,429,354
2024-11-01T12:47:09,QFA25,-19.844101,148.901047,36000,431,354
2024-11-01T12:47:45,QFA25,-19.771866,148.893188,36000,430,354
2024-11-01T12:48:25,QFA25,-19.694017,148.884827,36000,431,354
2024-11-01T12:48:55,QFA25,-19.632429,148.878174,36000,432,354
2024-11-01T12:49:31,QFA25,-19.560654,148.870483,36000,433,354
2024-11-01T12:50:03,QFA25,-19.497391,148.86377,36000,432,354
2024-11-01T12:50:36,QFA25,-19.432814,148.856812,36000,431,354
2024-11-01T12:51:09,QFA25,-19.367128,148.849762,36000,431,354
2024-11-01T12:51:39,QFA25,-19.305912,148.84317,36000,432,354
2024-11-01T12:52:10,QFA25,-19.243835,148.836502,36000,432,354
2024-11-01T12:52:42,QFA25,-19.181383,148.829895,36000,431,354
2024-11-01T12:53:15,QFA25,-19.115465,148.822754,36000,430,354
2024-11-01T12:53:47,QFA25,-19.051737,148.815964,36000,429,354
2024-11-01T12:54:21,QFA25,-18.98498,148.808823,36000,430,354
2024-11-01T12:54:52,QFA25,-18.923309,148.802109,36000,431,354
2024-11-01T12:55:25,QFA25,-18.856588,148.795029,36000,432,354
2024-11-01T12:55:58,QFA25,-18.7901,148.787994,36000,434,354
2024-11-01T12:56:31,QFA25,-18.724567,148.781006,36000,435,354
2024-11-01T12:57:03,QFA25,-18.660965,148.774261,36000,435,354
2024-11-01T12:57:36,QFA25,-18.594681,148.767242,36000,435,354
2024-11-01T12:58:06,QFA25,-18.53334,148.760712,36000,434,354
2024-11-01T12:58:40,QFA25,-18.466049,148.753601,36000,434,354
2024-11-01T12:59:14,QFA25,-18.397491,148.746338,36000,434,354
2024-11-01T12:59:46,QFA25,-18.335541,148.739822,36000,433,354
2024-11-01T13:00:16,QFA25,-18.27356,148.7332,36000,433,354
2024-11-01T13:00:53,QFA25,-18.200388,148.725418,36000,432,354
2024-11-01T13:01:26,QFA25,-18.134583,148.71846,36000,434,354
2024-11-01T13:01:58,QFA25,-18.069305,148.711517,36000,434,354
2024-11-01T13:02:31,QFA25,-18.002914,148.704514,36000,436,354
2024-11-01T13:03:04,QFA25,-17.936949,148.69754,36000,438,354
2024-11-01T13:03:39,QFA25,-17.866425,148.690125,36000,437,354
2024-11-01T13:04:11,QFA25,-17.802692,148.683472,36000,435,354
2024-11-01T13:04:43,QFA25,-17.738312,148.676697,36000,434,354
2024-11-01T13:05:17,QFA25,-17.670856,148.66954,36000,434,354
2024-11-01T13:05:49,QFA25,-17.605219,148.66272,36000,433,354
2024-11-01T13:06:24,QFA25,-17.536694,148.655518,36000,432,354
2024-11-01T13:07:03,QFA25,-17.457321,148.647125,36000,432,354
2024-11-01T13:07:39,QFA25,-17.385818,148.639679,36000,433,354
2024-11-01T13:08:13,QFA25,-17.318527,148.632629,36000,433,354
2024-11-01T13:08:44,QFA25,-17.256042,148.626129,36000,434,354
2024-11-01T13:09:17,QFA25,-17.190624,148.619263,36000,434,354
2024-11-01T13:10:05,QFA25,-17.093748,148.609116,36000,434,354
2024-11-01T13:10:37,QFA25,-17.029175,148.602371,36000,434,354
2024-11-01T13:11:10,QFA25,-16.963598,148.59549,36000,434,354
2024-11-01T13:11:49,QFA25,-16.886673,148.58754,36000,433,354
2024-11-01T13:12:24,QFA25,-16.815228,148.580078,36000,433,354
2024-11-01T13:12:55,QFA25,-16.752823,148.573563,36000,435,354
2024-11-01T13:13:27,QFA25,-16.689396,148.566986,36000,435,354
2024-11-01T13:14:03,QFA25,-16.617474,148.559479,36000,437,354
2024-11-01T13:14:35,QFA25,-16.552858,148.552765,36000,437,354
2024-11-01T13:15:13,QFA25,-16.476326,148.544815,36000,437,354
2024-11-01T13:15:51,QFA25,-16.398956,148.536819,36000,438,354
2024-11-01T13:16:25,QFA25,-16.329687,148.529617,36000,437,354
2024-11-01T13:16:58,QFA25,-16.263977,148.522827,36000,437,354
2024-11-01T13:17:34,QFA25,-16.191799,148.515335,36000,437,354
2024-11-01T13:18:06,QFA25,-16.126694,148.508606,36000,437,354
2024-11-01T13:18:39,QFA25,-16.058706,148.501556,36000,437,354
2024-11-01T13:19:12,QFA25,-15.99209,148.49469,36000,437,354
2024-11-01T13:19:45,QFA25,-15.927243,,36000,437,354
2024-11-01T13:20:16,QFA25,-15.863571,148.481476,36000,437,354
2024-11-01T13:20:48,QFA25,-15.798526,148.474777,36000,437,354
2024-11-01T13:21:20,QFA25,-15.735075,148.468201,36000,438,354
2024-11-01T13:21:52,QFA25,-15.670275,148.461487,36000,436,354
2024-11-01T13:22:26,QFA25,-15.601936,148.454468,36000,434,354
2024-11-01T13:22:58,QFA25,-15.537323,148.4478,36000,434,354
2024-11-01T13:23:34,QFA25,-15.466189,148.440552,36000,433,354
2024-11-01T13:24:05,QFA25,-15.402557,148.434021,36000,432,354
2024-11-01T13:24:44,QFA25,-15.325695,148.426132,36000,432,354
2024-11-01T13:25:15,QFA25,-15.263168,148.419754,36000,432,354
2024-11-01T13:25:49,QFA25,-15.197304,148.410965,36000,431,350
2024-11-01T13:26:32,QFA25,-15.110962,148.396912,36000,432,351
2024-11-01T13:27:04,QFA25,-15.048011,148.386795,36000,433,351
2024-11-01T13:27:35,QFA25,-14.986609,148.376892,36000,434,351
2024-11-01T13:28:06,QFA25,-14.924927,148.366943,36000,433,351
2024-11-01T13:28:40,QFA25,-14.857985,148.356186,36000,434,351
2024-11-01T13:29:13,QFA25,-14.791601,148.345505,36000,435,351
2024-11-01T13:29:48,QFA25,-14.72154,148.334274,36000,434,351
2024-11-01T13:30:20,QFA25,-14.656879,148.323868,36000,434,351
2024-11-01T13:30:58,QFA25,-14.581837,148.311813,36000,432,351
2024-11-01T13:31:31,QFA25,-14.517105,148.301407,36000,431,351
2024-11-01T13:32:03,QFA25,-14.45462,148.291367,36000,431,351
2024-11-01T13:32:43,QFA25,-14.374108,148.278458,36000,431,351
2024-11-01T13:33:28,QFA25,-14.28598,148.264282,36000,432,351
2024-11-01T13:33:59,QFA25,-14.223618,148.254333,36000,433,351
2024-11-01T13:34:31,QFA25,-14.159912,148.244202,36000,434,351
2024-11-01T13:35:14,QFA25,-14.07605,148.230804,36000,435,351
2024-11-01T13:35:46,QFA25,-14.010635,148.220337,36000,435,351
2024-11-01T13:36:17,QFA25,-13.949066,148.210495,36000,436,351
2024-11-01T13:36:49,QFA25,-13.88588,148.200409,36000,435,351
2024-11-01T13:37:28,QFA25,-13.808075,148.188049,36000,434,351
2024-11-01T13:38:01,QFA25,-13.741058,148.177383,36000,433,351
2024-11-01T13:38:08,QFA25,-13.727231,148.175156,36000,434,351
2024-11-01T13:39:04,QFA25,-13.616715,148.157532,36000,435,351
2024-11-01T13:39:37,QFA25,-13.5504,148.146988,36000,435,351
2024-11-01T13:39:57,QFA25,-13.510757,148.140686,36000,434,351
2024-11-01T13:40:54,QFA25,-13.39801,148.122787,36000,432,351
2024-11-01T13:44:12,QFA25,-13.005388,148.047623,36000,434,346
2024-11-01T13:44:57,QFA25,-12.91739,148.026001,36000,432,346
2024-11-01T13:45:42,QFA25,-12.830036,148.004395,36000,431,346
2024-11-01T13:46:57,QFA25,-12.68333,147.968185,36000,433,346
2024-11-01T13:53:10,QFA25,-11.947493,147.787598,36000,441,347
2024-11-01T13:53:43,QFA25,-11.882126,147.77269,36000,442,347
2024-11-01T13:54:16,QFA25,-11.816727,147.757675,36000,442,347
2024-11-01T13:54:48,QFA25,-11.752252,147.742737,36000,442,347
2024-11-01T13:55:19,QFA25,-11.69046,147.72847,36000,442,347
2024-11-01T13:55:50,QFA25,-11.627027,147.713837,36000,443,347
2024-11-01T13:56:24,QFA25,-11.559448,147.698212,36000,444,347
2024-11-01T13:56:56,QFA25,-11.495956,147.683578,36000,443,347
2024-11-01T13:57:29,QFA25,-11.428482,147.667999,36000,444,347
2024-11-01T13:58:02,QFA25,-11.364379,147.653214,36000,442,347
2024-11-01T13:58:34,QFA25,-11.297882,147.637924,36000,442,347
2024-11-01T13:59:07,QFA25,-11.233521,147.623093,36000,442,347
2024-11-01T13:59:40,QFA25,-11.166206,147.607529,36000,442,347
2024-11-01T14:00:14,QFA25,-11.09903,147.592087,36000,444,347
2024-11-01T14:00:47,QFA25,-11.032322,147.576691,36000,445,347
2024-11-01T14:01:19,QFA25,-10.967009,147.561661,36000,445,347
2024-11-01T14:01:53,QFA25,-10.898392,147.545868,36000,444,347
2024-11-01T14:02:28,QFA25,-10.828563,147.529816,36000,443,347
2024-11-01T14:02:59,QFA25,-10.766098,,36000,442,347
2024-11-01T14:03:34,QFA25,-10.697053,147.499603,36000,442,347
2024-11-01T14:04:07,QFA25,-10.630417,147.484253,36000,442,347
2024-11-01T14:04:38,QFA25,-10.56926,147.470245,36000,442,347
2024-11-01T14:05:11,QFA25,-10.500928,147.45459,36000,441,347
2024-11-01T14:05:46,QFA25,-10.4328,147.43895,36000,441,347
2024-11-01T14:06:16,QFA25,-10.37178,147.424973,36000,440,347
2024-11-01T14:06:50,QFA25,-10.304617,147.409622,36000,441,347
2024-11-01T14:07:24,QFA25,-10.236837,147.394089,36000,442,347
2024-11-01T14:07:56,QFA25,-10.172316,147.379318,36000,442,347
2024-11-01T14:08:28,QFA25,-10.107981,147.364639,36000,442,347
2024-11-01T14:09:00,QFA25,-10.044297,147.350098,36000,442,347
2024-11-01T14:09:32,QFA25,-9.980893,147.335617,36000,442,347
2024-11-01T14:10:03,QFA25,-9.91842,147.321304,36000,442,347
2024-11-01T14:10:36,QFA25,-9.850891,147.305893,36000,442,347
2024-11-01T14:11:09,QFA25,-9.78511,147.290909,36000,442,347
2024-11-01T14:11:44,QFA25,-9.71615,147.275131,36000,443,347
2024-11-01T14:12:15,QFA25,-9.652725,147.260696,36000,443,347
2024-11-01T14:12:47,QFA25,-9.587906,147.245895,36000,445,347
2024-11-01T14:13:19,QFA25,-9.524185,147.231369,36000,445,347
2024-11-01T14:13:50,QFA25,-9.4617,147.217117,36000,447,347
2024-11-01T14:14:23,QFA25,-9.393264,147.203018,36000,447,350
2024-11-01T14:14:54,QFA25,-9.331696,147.193054,36000,447,350
2024-11-01T14:15:27,QFA25,-9.262546,147.181427,36000,447,350
2024-11-01T14:15:59,QFA25,-9.197232,147.169922,36000,447,350
2024-11-01T14:16:32,QFA25,-9.130371,147.158142,36000,447,349
2024-11-01T14:17:04,QFA25,-9.064407,147.146454,36000,447,350
2024-11-01T14:17:35,QFA25,-9.001465,147.135376,36000,448,349
2024-11-01T14:18:08,QFA25,-8.934128,147.123505,36000,449,350
2024-11-01T14:18:41,QFA25,-8.865781,147.111435,36000,448,350
2024-11-01T14:19:14,QFA25,-8.796707,147.099304,36000,448,350
2024-11-01T14:19:47,QFA25,-8.729095,147.087387,36000,447,350
2024-11-01T14:20:19,QFA25,-8.66423,147.075974,36000,447,350
2024-11-01T14:20:51,QFA25,-8.599688,147.064606,36000,447,350
2024-11-01T14:21:22,QFA25,-8.536238,147.053421,36000,447,349
2024-11-01T14:21:53,QFA25,-8.472153,147.042175,36000,448,350
2024-11-01T14:22:25,QFA25,-8.407837,147.030869,36000,450,349
2024-11-01T14:22:59,QFA25,-8.337158,147.018387,36000,450,349
2024-11-01T14:23:30,QFA25,-8.272293,147.007034,36000,449,350
2024-11-01T14:24:03,QFA25,-8.205112,146.995224,36000,449,350
2024-11-01T14:24:35,QFA25,-8.137848,146.983429,36000,450,350
2024-11-01T14:25:08,QFA25,-8.069687,146.97142,36000,452,350
2024-11-01T14:25:41,QFA25,-8.001724,146.959518,36000,454,349
2024-11-01T14:26:14,QFA25,-7.934143,146.947632,36000,454,350
2024-11-01T14:26:45,QFA25,-7.867905,146.936035,36000,455,350
2024-11-01T14:27:19,QFA25,-7.798187,146.923798,36000,456,350
2024-11-01T14:27:52,QFA25,-7.729202,146.911697,36000,457,350
2024-11-01T14:28:24,QFA25,-7.662079,146.899994,36000,457,350
2024-11-01T14:28:57,QFA25,-7.593567,146.888,36000,454,350
2024-11-01T14:29:28,QFA25,-7.527544,146.876465,36000,452,350
2024-11-01T14:30:00,QFA25,-7.462091,146.86499,36000,452,350
2024-11-01T14:30:33,QFA25,-7.39459,146.85321,36000,452,350
2024-11-01T14:31:05,QFA25,-7.328705,146.841675,36000,452,350
2024-11-01T14:31:36,QFA25,-7.262847,146.830139,36000,451,350
2024-11-01T14:32:08,QFA25,-7.19664,146.818542,36000,451,350
2024-11-01T14:32:41,QFA25,-7.129349,146.806763,36000,451,350
2024-11-01T14:33:13,QFA25,-7.062673,146.795105,36000,450,350
2024-11-01T14:33:46,QFA25,-6.99614,146.783493,36000,451,350
2024-11-01T14:34:17,QFA25,-6.930634,146.772079,36000,451,350
2024-11-01T14:34:49,QFA25,-6.864258,146.760498,36000,452,350
2024-11-01T14:35:22,QFA25,-6.797333,146.74881,36000,452,350
2024-11-01T14:35:55,QFA25,-6.72759,146.736664,36000,452,350
2024-11-01T14:36:27,QFA25,-6.661972,146.725204,36000,453,350
2024-11-01T14:36:59,QFA25,-6.59608,146.713699,36000,453,350
2024-11-01T14:37:21,QFA25,-6.552475,146.707428,36000,452,353
2024-11-01T14:38:20,QFA25,-6.428009,146.696762,36000,449,354
2024-11-01T14:38:53,QFA25,-6.359756,146.690704,36000,450,354
2024-11-01T14:39:28,QFA25,-6.284739,146.684204,36000,451,355
2024-11-01T14:40:00,QFA25,-6.251873,146.681305,36000,451,355
2024-11-01T14:40:44,QFA25,-6.168637,,36000,452,355
2024-11-01T14:41:54,QFA25,-5.978668,146.657608,36000,453,355
2024-11-01T14:42:26,QFA25,-5.911669,146.651764,36000,452,354
2024-11-01T14:43:03,QFA25,-5.859297,146.647217,36000,452,355
2024-11-01T14:45:54,QFA25,-5.47998,146.614273,36000,453,355
2024-11-01T14:46:28,QFA25,-5.405319,146.607803,36000,452,355
2024-11-01T14:47:00,QFA25,-5.340054,146.602127,36000,453,355
2024-11-01T14:47:23,QFA25,-5.292244,146.598007,36000,453,355
2024-11-01T14:48:59,QFA25,-5.08788,146.592087,36000,454,6
2024-11-01T14:49:34,QFA25,-5.015808,146.606125,36000,454,11
2024-11-01T14:50:06,QFA25,,146.619766,36000,457,11
2024-11-01T14:50:40,QFA25,-4.879094,146.634094,36000,458,11
2024-11-01T14:51:12,QFA25,-4.812105,146.647598,36000,461,11
2024-11-01T14:51:37,QFA25,-4.766052,146.656769,36000,460,11
2024-11-01T14:52:40,QFA25,-4.745865,146.660782,36000,461,10
2024-11-01T14:54:12,QFA25,-4.432434,146.720459,36000,462,10
2024-11-01T14:54:42,QFA25,-4.36781,146.731934,36000,461,9
2024-11-01T14:55:17,QFA25,-4.293001,146.740128,36000,462,4
2024-11-01T14:55:49,QFA25,,146.745499,36000,464,4
2024-11-01T14:56:22,QFA25,-4.154068,146.75174,36000,465,5
2024-11-01T14:56:54,QFA25,-4.085937,146.757874,36000,464,5
2024-11-01T14:57:26,QFA25,-4.017014,146.763977,36000,464,5
2024-11-01T14:58:00,QFA25,-3.943626,146.766602,36000,466,359
2024-11-01T14:58:34,QFA25,-3.870941,146.766266,36000,468,359
2024-11-01T14:59:06,QFA25,-3.799484,146.765839,36000,467,358
2024-11-01T14:59:40,QFA25,-3.725876,146.759094,36000,466,352
2024-11-01T15:00:13,QFA25,-3.65733,146.750168,36000,465,352
2024-11-01T15:00:45,QFA25,-3.58685,146.740982,36000,464,351
2024-11-01T15:01:19,QFA25,-3.514554,146.728897,36000,463,350
2024-11-01T15:01:52,QFA25,-3.44589,146.713181,36000,467,344
2024-11-01T15:02:27,QFA25,-3.373082,146.692291,36000,470,343
2024-11-01T15:03:00,QFA25,-3.301666,146.672928,36000,470,346
2024-11-01T15:03:35,QFA25,-3.229049,146.655457,36000,471,346
2024-11-01T15:04:05,QFA25,-3.16369,146.639771,36000,471,346
2024-11-01T15:04:36,QFA25,-3.097353,146.623917,36000,471,346
2024-11-01T15:05:07,QFA25,-3.031631,146.608307,36000,471,346
2024-11-01T15:05:40,QFA25,-2.962026,146.591568,36000,472,346
2024-11-01T15:06:12,QFA25,-2.893873,146.574097,36000,472,345
2024-11-01T15:06:43,QFA25,-2.827816,146.5569,36000,471,345
2024-11-01T15:07:17,QFA25,-2.756378,146.537827,36000,470,344
2024-11-01T15:07:51,QFA25,-2.685471,146.518509,36000,469,344
2024-11-01T15:08:21,QFA25,-2.621589,146.503922,36000,466,352
2024-11-01T15:08:55,QFA25,-2.550339,146.4944,36000,465,351
2024-11-01T15:09:25,QFA25,-2.484283,146.485092,36000,467,351
2024-11-01T15:09:59,QFA25,-2.410675,146.474899,36000,468,352
2024-11-01T15:10:30,QFA25,-2.343533,146.465607,36000,469,352
2024-11-01T15:11:02,QFA25,-2.276125,146.456284,36000,469,352
2024-11-01T15:11:34,QFA25,-2.206297,146.446671,36000,470,352
2024-11-01T15:12:04,QFA25,-2.140751,146.437622,36000,470,352
2024-11-01T15:12:38,QFA25,-2.068176,146.427551,36000,470,352
2024-11-01T15:13:08,QFA25,-2.001886,146.418396,36000,470,352
2024-11-01T15:13:39,QFA25,-1.935083,146.409164,36000,469,352
2024-11-01T15:14:13,QFA25,-1.861404,146.398972,36000,469,352
2024-11-01T15:14:47,QFA25,-1.789747,146.389084,36000,470,352
2024-11-01T15:15:18,QFA25,-1.721967,146.3797,36000,472,352
2024-11-01T15:15:50,QFA25,-1.652511,146.370132,36000,473,352
2024-11-01T15:16:21,QFA25,-1.584405,146.360718,36000,475,352
2024-11-01T15:16:55,QFA25,-1.509888,146.350418,36000,476,352
2024-11-01T15:17:26,QFA25,-1.442514,146.34111,36000,478,352
2024-11-01T15:17:57,QFA25,-1.374435,146.331696,36000,477,352
2024-11-01T15:18:28,QFA25,-1.304766,146.322067,36000,476,352
2024-11-01T15:18:59,QFA25,-1.236969,146.312698,36000,475,352
2024-11-01T15:19:32,QFA25,-1.165741,146.302841,36000,474,352
2024-11-01T15:20:03,QFA25,-1.098074,146.293518,36000,473,352
2024-11-01T15:20:37,QFA25,,146.283432,36000,473,352
2024-11-01T15:21:11,QFA25,-0.950729,146.273178,36000,474,352
2024-11-01T15:21:43,QFA25,-0.879135,146.263321,36000,473,352
2024-11-01T15:22:14,QFA25,-0.813221,146.254211,36000,470,352
2024-11-01T15:22:27,QFA25,-0.784149,146.250229,36000,469,352
2024-11-01T15:23:47,QFA25,-0.611893,146.226395,36000,468,352
2024-11-01T15:24:22,QFA25,-0.537369,146.21611,36000,468,352
2024-11-01T15:24:54,QFA25,-0.467012,146.20639,36000,469,352
2024-11-01T15:25:25,QFA25,-0.401047,146.19725,36000,470,352
2024-11-01T15:26:06,QFA25,-0.312924,146.184937,36000,469,351
2024-11-01T15:26:25,QFA25,-0.271027,146.178772,36000,470,351
2024-11-01T15:27:33,QFA25,-0.123829,146.158127,36000,435,352
2024-11-01T15:27:45,QFA25,-0.098923,146.154892,36000,467,352
2024-11-01T15:28:47,QFA25,0.00814,146.14386,36000,471,357
2024-11-01T15:29:27,QFA25,0.07796,146.125946,36000,463,334
2024-11-01T15:33:19,QFA25,0.499299,146.025055,36000,471,348
2024-11-01T15:34:26,QFA25,0.664883,145.980957,36000,470,346
2024-11-01T15:39:19,QFA25,1.324934,145.836975,36000,469,349
2024-11-01T15:44:41,QFA25,1.977912,145.683289,36000,467,347
2024-11-01T15:51:52,QFA25,2.922777,145.468582,36000,470,348
2024-11-01T15:56:51,QFA25,3.566512,145.330429,36000,473,349
2024-11-01T16:01:57,QFA25,4.219223,145.183701,36000,463,348
2024-11-01T16:06:38,QFA25,4.82978,145.049957,37400,469,348
2024-11-01T16:11:19,QFA25,5.421594,144.916534,38000,446,348
2024-11-01T16:13:07,QFA25,5.642997,144.865616,38000,472,348
2024-11-01T16:17:15,QFA25,6.166025,144.761597,38000,466,350
2024-11-01T16:22:25,QFA25,6.790816,144.644836,38000,465,350
2024-11-01T16:26:52,QFA25,7.322684,144.546875,38000,468,350
2024-11-01T16:31:50,QFA25,8.019918,144.407959,38000,465,350
2024-11-01T16:36:51,QFA25,8.684834,144.269089,38000,458,349
2024-11-01T16:43:03,QFA25,9.487533,144.100372,38000,460,349
2024-11-01T16:45:46,QFA25,9.794631,144.030838,38000,460,347
2024-11-01T16:46:27,QFA25,9.89158,144.006393,38000,480,347
2024-11-01T16:47:16,QFA25,10.011328,143.97673,38000,470,347
2024-11-01T16:48:14,QFA25,10.142266,143.9422,38000,470,345
2024-11-01T16:48:34,QFA25,10.246846,143.927383,38000,464,346
2024-11-01T16:49:33,QFA25,10.371964,143.897293,38000,468,346
2024-11-01T16:50:06,QFA25,10.441248,143.8806,38000,468,346
2024-11-01T16:50:37,QFA25,10.505723,143.865097,38025,469,346
2024-11-01T16:51:14,QFA25,10.586678,143.847366,38000,471,349
2024-11-01T16:51:46,QFA25,10.654922,143.833923,38000,472,348
2024-11-01T16:52:19,QFA25,10.724797,143.819077,38000,473,347
2024-11-01T16:52:52,QFA25,10.797326,143.804535,38000,474,348
2024-11-01T16:53:26,QFA25,10.870148,143.790253,38000,475,349
2024-11-01T16:53:58,QFA25,10.938752,143.776917,38000,475,349
2024-11-01T16:54:31,QFA25,11.010864,143.763016,38000,476,349
2024-11-01T16:55:03,QFA25,11.081108,143.749313,38000,474,348
2024-11-01T16:55:37,QFA25,11.153218,143.735428,38025,468,350
2024-11-01T16:56:10,QFA25,11.224411,143.722672,38000,471,349
2024-11-01T16:56:43,QFA25,11.295156,143.710754,38000,471,352
2024-11-01T16:57:16,QFA25,11.36673,143.701889,38000,473,353
2024-11-01T16:57:48,QFA25,11.438004,143.694061,38000,471,353
2024-11-01T16:58:21,QFA25,11.509415,143.685349,38000,469,353
2024-11-01T16:58:53,QFA25,11.578354,143.677582,38000,468,353
2024-11-01T16:59:26,QFA25,11.649046,143.670044,38000,469,354
2024-11-01T16:59:58,QFA25,11.719014,143.662521,38000,472,353
2024-11-01T17:00:30,QFA25,11.788004,143.65506,38000,473,353
2024-11-01T17:01:02,QFA25,11.857727,143.64743,38000,472,353
2024-11-01T17:01:33,QFA25,11.925705,143.638992,38000,473,352
2024-11-01T17:02:05,QFA25,11.994463,143.629761,38000,471,352
2024-11-01T17:02:36,QFA25,12.063034,143.620621,38000,470,352
2024-11-01T17:03:08,QFA25,12.132935,143.611191,38000,470,352
2024-11-01T17:03:41,QFA25,12.202789,143.60173,38000,470,352
2024-11-01T17:04:12,QFA25,12.270798,143.592422,38000,468,352
2024-11-01T17:04:44,QFA25,12.340067,143.582581,38000,467,351
2024-11-01T17:05:17,QFA25,12.409476,143.572464,38000,467,351
2024-11-01T17:05:49,QFA25,12.477722,143.562225,38000,468,351
2024-11-01T17:06:21,QFA25,12.546707,143.551529,38000,468,351
2024-11-01T17:06:53,QFA25,12.617006,143.540375,38000,468,350
2024-11-01T17:07:25,QFA25,12.684998,143.529037,38000,467,350
2024-11-01T17:07:57,QFA25,12.752846,143.517487,38000,466,350
2024-11-01T17:08:28,QFA25,12.820587,143.505737,38000,468,350
2024-11-01T17:09:00,QFA25,12.888611,143.493713,38000,470,349
2024-11-01T17:09:32,QFA25,12.956406,143.481308,38000,469,349
2024-11-01T17:10:03,QFA25,13.023926,143.468842,38000,468,349
2024-11-01T17:10:35,QFA25,13.091467,143.456299,38000,468,349
2024-11-01T17:11:08,QFA25,13.161482,143.443329,38000,469,349
2024-11-01T17:11:39,QFA25,13.229324,143.430878,38000,468,349
2024-11-01T17:12:11,QFA25,13.2976,143.418182,38000,467,349
2024-11-01T17:12:46,QFA25,13.370967,143.403488,38000,466,348
2024-11-01T17:13:17,QFA25,13.437057,143.38887,38000,466,347
2024-11-01T17:13:49,QFA25,13.50392,143.373077,38000,466,347
2024-11-01T17:14:21,QFA25,13.571467,143.356644,38000,469,344
2024-11-01T17:14:53,QFA25,13.638702,143.336487,38000,471,343
2024-11-01T17:15:25,QFA25,13.706131,143.316696,38000,471,343
2024-11-01T17:15:56,QFA25,13.772713,143.297089,38000,470,343
2024-11-01T17:16:28,QFA25,13.839615,143.27739,38000,468,343
2024-11-01T17:17:00,QFA25,13.905293,143.257141,38000,469,341
2024-11-01T17:17:32,QFA25,13.971451,143.233826,38000,469,340
2024-11-01T17:18:04,QFA25,14.037595,143.210251,38000,469,340
2024-11-01T17:18:35,QFA25,14.101278,143.187607,38000,470,340
2024-11-01T17:19:07,QFA25,14.166311,143.164871,38000,469,341
2024-11-01T17:19:39,QFA25,14.233932,143.142151,38000,467,341
2024-11-01T17:20:12,QFA25,14.301173,143.119568,38000,466,341
2024-11-01T17:20:44,QFA25,14.36705,143.097351,38000,465,341
2024-11-01T17:21:16,QFA25,14.431566,143.075378,38000,466,341
2024-11-01T17:21:48,QFA25,14.497391,143.051819,38000,468,339
2024-11-01T17:22:21,QFA25,14.564804,143.02533,38000,468,338
2024-11-01T17:22:51,QFA25,14.625687,142.997955,38000,471,335
2024-11-01T17:23:22,QFA25,14.686254,142.968216,38000,474,333
2024-11-01T17:23:54,QFA25,14.748494,142.932953,38000,478,330
2024-11-01T17:24:26,QFA25,14.808975,142.896423,38000,480,329
2024-11-01T17:24:56,QFA25,14.866379,142.861099,38000,481,329
2024-11-01T17:25:29,QFA25,14.929769,142.821487,38000,483,327
2024-11-01T17:26:00,QFA25,14.98982,142.781952,38000,484,327
2024-11-01T17:26:32,QFA25,15.048662,142.741776,38000,484,325
2024-11-01T17:27:04,QFA25,15.108296,142.697586,38000,486,323
2024-11-01T17:27:37,QFA25,15.166207,142.652863,38000,486,323
2024-11-01T17:28:09,QFA25,15.225769,142.607941,38000,485,324
2024-11-01T17:28:42,QFA25,15.286451,142.565796,38000,486,326
2024-11-01T17:29:14,QFA25,15.348366,142.524414,38000,488,326
2024-11-01T17:29:47,QFA25,15.409241,142.482407,38000,491,327
2024-11-01T17:30:23,QFA25,15.482437,142.443039,38000,480,338
2024-11-01T17:30:30,QFA25,15.497007,142.437744,38025,478,341
2024-11-01T17:30:33,QFA25,15.503448,142.435623,38000,477,342
2024-11-01T17:30:37,QFA25,15.511624,142.433136,38000,477,343
2024-11-01T17:31:09,QFA25,15.579358,142.414154,38025,476,344
2024-11-01T17:31:37,QFA25,15.639862,142.402084,38000,470,355
2024-11-01T17:31:39,QFA25,15.644299,142.40184,38000,468,356
2024-11-01T17:31:43,QFA25,15.653091,142.401505,38000,468,356
2024-11-01T17:31:46,QFA25,15.659707,142.401505,38000,466,356
2024-11-01T17:31:49,QFA25,15.666178,142.401642,38000,465,1
2024-11-01T17:31:53,QFA25,15.674371,142.402084,38000,463,3
2024-11-01T17:31:55,QFA25,15.678886,142.402374,38000,463,3
2024-11-01T17:32:02,QFA25,15.694249,142.403748,38000,462,5
2024-11-01T17:32:06,QFA25,15.701797,142.404541,38000,461,6
2024-11-01T17:32:08,QFA25,15.707889,142.405273,38000,461,6
2024-11-01T17:32:12,QFA25,15.714453,142.406158,38000,461,7
2024-11-01T17:32:15,QFA25,15.72125,142.407135,38000,461,7
2024-11-01T17:32:21,QFA25,15.733493,142.409058,38000,460,9
2024-11-01T17:33:25,QFA25,15.867508,142.440918,38000,457,14
2024-11-01T17:33:59,QFA25,15.935394,142.458603,38000,457,13
2024-11-01T17:35:01,QFA25,16.06485,142.48732,38000,465,2
2024-11-01T17:35:10,QFA25,16.085148,142.487228,38000,470,357
2024-11-01T17:36:23,QFA25,16.243658,142.450439,38000,480,346
2024-11-01T17:36:59,QFA25,16.321541,142.430786,38000,479,346
2024-11-01T17:37:43,QFA25,16.416182,142.406799,38000,480,346
2024-11-01T17:38:18,QFA25,16.49295,142.387299,38000,480,346
2024-11-01T17:38:49,QFA25,16.558632,142.370605,38000,479,346
2024-11-01T17:39:22,QFA25,16.630508,142.35231,38000,478,346
2024-11-01T17:39:28,QFA25,16.644287,142.348816,38000,478,346
2024-11-01T17:40:21,QFA25,16.757034,142.320129,38000,479,346
2024-11-01T17:41:17,QFA25,16.879166,142.289001,38000,481,346
2024-11-01T17:41:50,QFA25,16.950043,142.270889,38000,481,346
2024-11-01T17:42:02,QFA25,16.977951,142.263748,38000,481,346
2024-11-01T17:43:00,QFA25,17.104065,142.231506,38000,482,346
2024-11-01T17:43:18,QFA25,17.142862,142.221603,38000,483,346
2024-11-01T17:44:22,QFA25,17.241735,142.193039,38000,480,343
2024-11-01T17:45:08,QFA25,17.327208,142.168869,38000,480,347
2024-11-01T17:57:44,QFA25,19.021111,141.768784,38000,473,348
2024-11-01T18:08:44,QFA25,20.433851,141.456268,38000,460,354
2024-11-01T18:18:01,QFA25,21.656971,141.268738,38000,472,352
2024-11-01T18:40:04,QFA25,24.554958,140.974503,38768,475,343
2024-11-01T18:59:03,QFA25,27.05349,140.567841,38996,479,353
2024-11-01T19:29:17,QFA25,30.890854,140.027176,39000,447,342
2024-11-01T19:29:53,QFA25,30.96208,140.003555,39000,447,347
2024-11-01T19:30:28,QFA25,31.033722,139.99054,39000,453,354
2024-11-01T19:31:02,QFA25,31.107239,139.987732,39000,459,359
2024-11-01T19:31:36,QFA25,31.17664,139.988007,39000,459,359
2024-11-01T19:32:09,QFA25,31.249493,139.988068,39000,457,359
2024-11-01T19:32:40,QFA25,31.31476,139.988235,39000,456,359
2024-11-01T19:33:14,QFA25,31.385939,139.988449,39000,454,359
2024-11-01T19:33:49,QFA25,31.458372,139.988617,39000,453,359
2024-11-01T19:34:21,QFA25,31.525873,139.988724,39000,453,359
2024-11-01T19:34:54,QFA25,31.595032,139.988922,39000,454,359
2024-11-01T19:35:26,QFA25,31.662598,139.98909,39000,455,359
2024-11-01T19:36:00,QFA25,31.734661,139.989334,39000,456,359
2024-11-01T19:36:32,QFA25,31.801416,139.989532,39000,456,359
2024-11-01T19:37:05,QFA25,31.871613,139.989655,39000,456,359
2024-11-01T19:37:36,QFA25,31.937531,139.989883,39000,454,359
2024-11-01T19:38:09,QFA25,32.007156,139.990051,39000,453,359
2024-11-01T19:38:41,QFA25,32.073654,139.990204,39000,456,359
2024-11-01T19:39:15,QFA25,32.144924,139.990372,39000,457,359
2024-11-01T19:40:00,QFA25,32.240589,139.990646,39000,460,359
2024-11-01T19:40:34,QFA25,32.314888,139.990936,39000,466,359
2024-11-01T19:41:15,QFA25,32.401016,139.991089,39000,468,359
2024-11-01T19:41:46,QFA25,32.467857,139.991318,39000,468,359
2024-11-01T19:42:17,QFA25,32.535141,139.991531,39025,465,359
2024-11-01T19:42:48,QFA25,32.602814,139.991714,39000,462,359
2024-11-01T19:43:18,QFA25,32.667938,139.991882,39000,461,359
2024-11-01T19:43:49,QFA25,32.733906,139.99205,38875,459,359
2024-11-01T19:44:20,QFA25,32.800186,139.992249,37850,460,359
2024-11-01T19:44:51,QFA25,32.86602,139.992386,36350,465,359
2024-11-01T19:45:22,QFA25,32.933258,139.992462,34750,477,359
2024-11-01T19:45:53,QFA25,33.002335,139.99263,33125,491,359
2024-11-01T19:46:27,QFA25,33.079285,139.992844,31725,486,359
2024-11-01T19:46:58,QFA25,33.149055,139.993118,30575,478,359
2024-11-01T19:47:32,QFA25,33.223389,139.993347,29325,470,359
2024-11-01T19:48:03,QFA25,33.289692,139.993515,28200,462,359
2024-11-01T19:48:34,QFA25,33.355545,139.993668,27075,454,359
2024-11-01T19:49:05,QFA25,33.420223,139.993851,26125,443,359
2024-11-01T19:49:35,QFA25,33.482231,139.994064,25225,433,359
2024-11-01T19:50:06,QFA25,33.542679,139.994125,24350,428,359
2024-11-01T19:50:37,QFA25,33.605438,139.994186,23450,430,359
2024-11-01T19:51:08,QFA25,33.666531,139.994263,22575,423,359
2024-11-01T19:51:39,QFA25,33.726837,139.9944,21700,422,359
2024-11-01T19:52:10,QFA25,33.786777,139.994537,20850,415,359
2024-11-01T19:52:41,QFA25,33.845154,139.99472,20000,406,359
2024-11-01T19:53:11,QFA25,33.901199,139.994858,19200,399,359
2024-11-01T19:53:46,QFA25,33.964828,139.994797,18275,395,359
2024-11-01T19:54:19,QFA25,34.025299,139.994858,17400,392,359
2024-11-01T19:54:49,QFA25,34.080242,139.994949,16600,389,359
2024-11-01T19:55:20,QFA25,34.135895,139.995193,15800,383,359
2024-11-01T19:55:36,QFA25,34.163727,139.997269,15400,388,9
2024-11-01T19:55:39,QFA25,34.168991,139.99855,15325,390,11
2024-11-01T19:55:42,QFA25,34.174046,140.000031,15250,392,14
2024-11-01T19:55:45,QFA25,34.180252,140.00209,15175,391,15
2024-11-01T19:55:48,QFA25,34.185589,140.003815,15100,390,15
2024-11-01T19:55:51,QFA25,34.190918,140.005341,15000,388,13
2024-11-01T19:55:54,QFA25,34.195999,140.006577,14925,385,11
2024-11-01T19:56:07,QFA25,34.217743,140.009033,14675,372,1
2024-11-01T19:56:10,QFA25,34.22319,140.008865,14625,367,357
2024-11-01T19:56:12,QFA25,34.226898,140.00853,14600,365,355
2024-11-01T19:56:16,QFA25,34.2327,140.007767,14575,362,352
2024-11-01T19:56:19,QFA25,34.237961,140.006851,14550,360,351
2024-11-01T19:56:22,QFA25,34.243195,140.005905,14525,360,351
2024-11-01T19:56:25,QFA25,34.248459,140.005005,14500,360,351
2024-11-01T19:56:28,QFA25,34.253368,140.00415,14450,362,352
2024-11-01T19:56:31,QFA25,34.258621,140.003326,14425,364,352
2024-11-01T19:57:02,QFA25,34.309929,139.996323,14175,363,353
2024-11-01T19:57:36,QFA25,34.367142,139.988251,13900,363,352
2024-11-01T19:58:07,QFA25,34.41861,139.980164,13650,366,352
2024-11-01T19:58:41,QFA25,34.475693,139.971039,13375,366,352
2024-11-01T19:59:11,QFA25,34.526505,139.962845,13125,360,352
2024-11-01T19:59:42,QFA25,34.577,139.954773,12875,353,352
2024-11-01T20:00:16,QFA25,34.631561,139.945969,12575,356,352
2024-11-01T20:00:49,QFA25,34.684814,139.937561,12100,351,352
2024-11-01T20:01:19,QFA25,34.734192,139.929672,11200,348,352
2024-11-01T20:01:35,QFA25,34.759159,139.925705,10750,346,352
2024-11-01T20:01:47,QFA25,34.778477,139.922668,10450,342,352
2024-11-01T20:02:03,QFA25,34.802673,139.918854,10275,333,352
2024-11-01T20:02:18,QFA25,34.825928,139.915207,10150,320,352
2024-11-01T20:02:34,QFA25,34.848267,139.911728,10025,308,352
2024-11-01T20:02:49,QFA25,34.86935,139.908371,9925,298,352
2024-11-01T20:03:01,QFA25,34.8862,139.905624,9700,294,352
2024-11-01T20:03:16,QFA25,34.906906,139.902206,9400,293,352
2024-11-01T20:03:32,QFA25,34.927643,139.898788,9100,295,352
2024-11-01T20:03:44,QFA25,34.944626,139.895874,8825,296,351
2024-11-01T20:04:00,QFA25,34.965179,139.889862,8500,294,344
2024-11-01T20:04:12,QFA25,34.981339,139.88443,8250,296,344
2024-11-01T20:04:27,QFA25,35.001709,139.87793,7925,294,345
2024-11-01T20:04:42,QFA25,35.021526,139.871689,7625,293,345
2024-11-01T20:04:58,QFA25,35.042267,139.865265,7275,294,345
2024-11-01T20:05:13,QFA25,35.062454,139.858932,6950,297,345
2024-11-01T20:05:29,QFA25,35.082825,139.852478,6625,298,345
2024-11-01T20:05:41,QFA25,35.099503,139.847137,6350,298,345
2024-11-01T20:05:57,QFA25,35.12022,139.840683,6025,297,345
2024-11-01T20:06:09,QFA25,35.136887,139.835449,5925,299,345
2024-11-01T20:06:24,QFA25,35.156902,139.829071,5875,289,345
2024-11-01T20:06:40,QFA25,35.17664,139.822876,5900,274,345
2024-11-01T20:06:52,QFA25,35.191315,139.818283,5900,264,345
2024-11-01T20:07:08,QFA25,35.209625,139.812515,5800,258,345
2024-11-01T20:07:23,QFA25,35.227474,139.806808,5475,260,345
2024-11-01T20:07:35,QFA25,35.242126,139.802109,5175,263,345
2024-11-01T20:07:51,QFA25,35.257736,139.797073,4825,268,345
2024-11-01T20:08:00,QFA25,35.271515,139.792664,4575,267,345
2024-11-01T20:08:06,QFA25,35.278748,139.790375,4425,265,345
2024-11-01T20:08:15,QFA25,35.289551,139.786957,4225,260,345
2024-11-01T20:08:25,QFA25,35.300049,139.783676,4025,257,346
2024-11-01T20:08:31,QFA25,35.307545,139.782211,3925,255,353
2024-11-01T20:08:34,QFA25,35.311035,139.78215,3925,253,353
2024-11-01T20:08:37,QFA25,35.314945,139.782623,3925,249,6
2024-11-01T20:08:40,QFA25,35.316696,139.783051,3900,245,13
2024-11-01T20:08:43,QFA25,35.321602,139.784836,3875,243,19
2024-11-01T20:08:46,QFA25,35.324581,139.786423,3850,242,23
2024-11-01T20:08:49,QFA25,35.32761,139.788467,3825,239,29
2024-11-01T20:08:53,QFA25,35.330822,139.790741,3800,236,31
2024-11-01T20:08:56,QFA25,35.333588,139.792786,3750,235,31
2024-11-01T20:08:59,QFA25,35.336548,139.794952,3725,234,31
2024-11-01T20:09:02,QFA25,35.339539,139.797241,3675,234,31
2024-11-01T20:09:04,QFA25,35.341808,139.79892,3625,233,31
2024-11-01T20:09:07,QFA25,35.344711,139.801147,3575,233,31
2024-11-01T20:09:11,QFA25,35.34819,139.803772,3525,232,31
2024-11-01T20:09:14,QFA25,35.350479,139.805481,3475,233,31
2024-11-01T20:09:24,QFA25,35.359268,139.812134,3300,230,32
2024-11-01T20:09:33,QFA25,35.367783,139.818588,3150,226,32
2024-11-01T20:09:42,QFA25,35.375977,139.824875,3000,225,31
2024-11-01T20:09:51,QFA25,35.383377,139.830536,2850,223,32
2024-11-01T20:10:01,QFA25,35.392227,139.837357,2675,217,32
2024-11-01T20:10:07,QFA25,35.397446,139.841309,2600,211,32
2024-11-01T20:10:16,QFA25,35.404999,139.847031,2475,204,29
2024-11-01T20:10:19,QFA25,35.407562,139.848572,2425,203,25
2024-11-01T20:10:22,QFA25,35.410217,,2350,203,18
2024-11-01T20:10:26,QFA25,35.413357,139.850586,2300,201,11
2024-11-01T20:10:28,QFA25,35.415871,139.850937,2275,199,4
2024-11-01T20:10:32,QFA25,35.418713,139.851044,2225,197,1
2024-11-01T20:10:35,QFA25,35.421413,139.851044,2175,195,359
2024-11-01T20:10:38,QFA25,35.4245,139.851044,2125,193,359
2024-11-01T20:10:41,QFA25,35.427063,139.851044,2100,191,359
2024-11-01T20:10:44,QFA25,35.429745,139.851044,2075,190,359
2024-11-01T20:10:47,QFA25,35.432419,139.851089,2025,187,359
2024-11-01T20:10:50,QFA25,35.434982,139.851089,1975,185,359
2024-11-01T20:10:53,QFA25,35.4375,139.850922,1950,185,355
2024-11-01T20:10:56,QFA25,35.439606,139.850586,1950,184,350
2024-11-01T20:10:59,QFA25,35.442966,139.849701,1900,183,345
2024-11-01T20:11:02,QFA25,35.445328,139.848801,1875,182,341
2024-11-01T20:11:05,QFA25,35.447708,139.847656,1850,180,337
2024-11-01T20:11:09,QFA25,35.450134,139.846283,1825,180,334
2024-11-01T20:11:12,QFA25,35.452148,139.845093,1825,178,332
2024-11-01T20:11:15,QFA25,35.454651,139.843445,1775,177,332
2024-11-01T20:11:17,QFA25,35.456558,139.842163,1725,176,330
2024-11-01T20:11:21,QFA25,35.458839,139.84053,1650,176,329
2024-11-01T20:11:24,QFA25,35.461029,139.838959,1600,173,329
2024-11-01T20:11:27,QFA25,35.463135,139.837479,1575,172,329
2024-11-01T20:11:30,QFA25,35.465542,139.8358,1525,168,330
2024-11-01T20:11:33,QFA25,35.467499,139.834396,1475,166,330
2024-11-01T20:11:43,QFA25,35.473709,139.830093,1325,160,330
2024-11-01T20:11:52,QFA25,35.47966,139.825974,1200,154,330
2024-11-01T20:12:01,QFA25,35.485283,139.821945,1075,147,329
2024-11-01T20:12:11,QFA25,35.490311,139.818375,975,141,329
2024-11-01T20:12:22,QFA25,35.496639,139.813934,825,134,330
2024-11-01T20:12:31,QFA25,35.5019,139.810257,725,132,330
2024-11-01T20:12:38,QFA25,35.505299,139.807861,650,133,329
2024-11-01T20:12:47,QFA25,35.510193,139.804352,525,135,329
2024-11-01T20:12:53,QFA25,35.513672,139.801941,450,135,329
2024-11-01T20:13:02,QFA25,35.51857,139.798401,350,135,329
2024-11-01T20:13:12,QFA25,35.52364,139.79483,250,134,330
2024-11-01T20:13:21,QFA25,35.528687,139.791245,125,133,329
2024-11-01T20:13:30,QFA25,35.53323,139.787994,25,135,329
2024-11-01T20:13:40,QFA25,35.538757,139.784149,0,136,330
2024-11-01T20:13:47,QFA25,35.542831,139.781219,0,125,329
2024-11-01T20:13:55,QFA25,35.546219,139.778885,0,105,329
2024-11-01T20:14:03,QFA25,35.548954,139.776901,0,0,329
2024-11-01T20:14:11,QFA25,35.550671,139.775696,0,42,329
2024-11-01T20:14:16,QFA25,35.551472,139.77504,0,32,323
2024-11-01T20:14:24,QFA25,35.552246,139.774155,0,27,315
2024-11-01T20:14:47,QFA25,35.552959,139.772293,0,0,264
2024-11-01T20:14:55,QFA25,35.552753,139.772034,0,9,233
2024-11-01T20:15:01,QFA25,35.552536,139.771957,0,7,210
2024-11-01T20:15:10,QFA25,35.552292,139.771973,0,5,188
2024-11-01T20:15:29,QFA25,35.551968,139.771942,0,4,188
2024-11-01T20:15:42,QFA25,35.551769,139.771729,0,4,210
2024-11-01T20:15:54,QFA25,35.551628,139.771454,0,5,230
2024-11-01T20:16:03,QFA25,35.551525,139.77121,0,6,239
2024-11-01T20:16:11,QFA25,35.551414,139.770981,0,6,239
2024-11-01T20:16:18,QFA25,35.551304,139.770737,0,8,239
2024-11-01T20:16:23,QFA25,35.551197,139.770523,0,9,239
2024-11-01T20:16:27,QFA25,35.551094,139.770309,0,10,239
2024-11-01T20:16:35,QFA25,35.550919,139.769943,0,10,239
2024-11-01T20:16:41,QFA25,35.550774,139.769608,0,9,239
2024-11-01T20:16:50,QFA25,35.550602,139.769272,0,8,239
2024-11-01T20:16:56,QFA25,35.550476,139.769012,0,8,239
2024-11-01T20:17:04,QFA25,35.550327,139.768692,0,7,239
2024-11-01T20:17:15,QFA25,35.550167,139.768356,0,6,239
2024-11-01T20:17:23,QFA25,35.55006,139.768127,0,6,239
2024-11-01T20:17:31,QFA25,35.549961,139.767914,0,5,241
2024-11-01T20:17:45,QFA25,35.549755,139.767761,0,4,216
2024-11-01T20:17:58,QFA25,35.549545,139.767899,0,5,177
2024-11-01T20:18:09,QFA25,35.549343,139.768082,0,5,154
2024-11-01T20:18:27,QFA25,35.549129,139.76825,0,3,149